Ulasan,clean,cleanStemming,word_count,English,sentiment,Vader_Sentiment
pelayanan cepat dan kualitas bagus,pelayanan cepat kualitas bagus,layan cepat kualitas bagus,5,Good quality fast service,0.4404,Positive
performa bagus garansi lama tahun semoga awet,performa bagus garansi lama tahun semoga awet,performa bagus garansi lama tahun moga awet,7,"good performance of old year warranty, hopefully durable",0.6808,Positive
semuanya memuaskan recommended sekali,semuanya memuaskan recommended sekali,semua muas recommended sekali,4,Everything is very satisfying recommended,0.6566,Positive
perfect barangnya sudah sampai dengan cepat dan tanpa kekurangan apapun terima kasih msi,perfect barangnya cepat kekurangan apapun terima kasih msi,perfect barang cepat kurang apa terima kasih msi,13,Perfect the goods quickly lack whatever thank you Msi,0.5994,Positive
ya makasih,makasih,makasih,2,Thanks,0.4404,Positive
ok tidak ada kerusakan,kerusakan,rusa,4,damage,-0.4939,Negative
blm ditest semoga normal,ditest semoga normal,ditest moga normal,4,Dites I hope it will be normal,0.4404,Positive
barang dikemas dengan rapi sampai dengan aman dan monitor berfungsi dengan sangat baik sellernya juga ramah,barang dikemas rapi aman monitor berfungsi sangat baik sellernya ramah,barang kemas rapi aman monitor fungsi sangat baik sellernya ramah,16,The item is packaged neatly safe monitor functions very well the seller is friendly,0.8718,Positive
bagus mantap keren fast respon recomended seller,bagus mantap keren fast respon recomended seller,bagus mantap keren fast respon recomended seller,7,good great cool fast response recommended seller,0.8779,Positive
barang sudah sampai dengan selamat,barang selamat,barang selamat,5,Congratulations,0.5994,Positive
barang sesuai pesanan admin responsif kualitas barang bagus top pokoknya,barang sesuai pesanan admin responsif kualitas barang bagus top pokoknya,barang sesuai pesan admin responsif kualitas barang bagus top pokok,10,"goods according to the admin's order are responsive, the quality of good goods top",0.7351,Positive
produk sudah diterima dengan baik dapat dipasang dan berfungsi sesuai harapan,produk diterima baik dipasang berfungsi sesuai harapan,produk terima baik pasang fungsi sesuai harap,11,The product is received well is installed as expected,0.2732,Positive
mantap,mantap,mantap,1,Excellent,0.5719,Positive
terbaik msi,terbaik msi,baik msi,2,MSI Best,0.6369,Positive
ssd nya works di msi modern mantap speednya,ssd works msi modern mantap speednya,ssd works msi modern mantap speednya,8,SSD Works MSI Modern Speed,0.0,Neutral
pengirimannya lama banget untuk pemesan send instan gak rekomend beli disini pesen jam pagi baru sampe rumah jam malem orderan baru di proses jam malam,pengirimannya lama banget pemesan send instan ngga rekomend beli disini pesen jam pagi baru sampe rumah jam malem orderan baru proses jam malam,kirim lama banget mes send instan ngga rekomend beli sini sen jam pagi baru sampe rumah jam malem order baru proses jam malam,25,The delivery is very long to order instant gosend not recommended to buy here or order the morning hours until the house at night the new order is the curfew process,-0.1511,Negative
belum dicoba tapi semoga berfungsi dengan baik,dicoba semoga berfungsi baik,coba moga fungsi baik,7,try it hope to function well,0.6124,Positive
mantqp,mantap,mantap,1,Excellent,0.5719,Positive
mh hardcore fans couldnt happier pas produk kolab ini di announced krn emg kebetulan lg mau ganti pc juga produknya kece bgt makasih admin yang udh sabar laden,mh hardcore fans couldnt happier pas produk kolab announced emang kebangetulan mau ganti pc produknya kece banget makasih admin udah sabar laden,mh hardcore fans couldnt happier pas produk kolab announced emang kebangetulan mau ganti pc produk kece banget makasih admin udah sabar laden,28,mh hardcore fans couldnt happier when the product isnunched it is really a coincidence that I want to replace the PC the product is really cool,0.0302,Positive
barang sudah datang sesuai deskripsi admin respond cepat sabar menjawab pertanyaan pertanyaan recommend seller thanks msi,barang datang sesuai deskripsi admin respond cepat sabar menjawab pertanyaan pertanyaan recommend seller thanks msi,barang datang sesuai deskripsi admin respond cepat sabar jawab tanya tanya recommend seller thanks msi,16,Items come according to the description of the respond admin quickly patiently answer questions Recommend Seller Thanks Msi,0.6597,Positive
monitor sampai dirumah dengan selamat semoga awet,monitor dirumah selamat semoga awet,monitor rumah selamat moga awet,7,monitor at home congratulations hopefully durable,0.765,Positive
mantapppss barangnya sesuai deskripsi,mantappss barangnya sesuai deskripsi,mantappss barang sesuai deskripsi,4,mantapps the goods according to the description,0.0,Neutral
barang sampai dan berfungsi demgan baik,barang berfungsi baik,barang fungsi baik,6,Goods functioning well,0.2732,Positive
mantab cepet betulbarang jg sesuai pesanan,mantap cepet bangetulbarang sesuai pesanan,mantap cepet bangetulbarang sesuai pesan,6,great very fast in the order,0.6249,Positive
paling bagus,paling bagus,paling bagus,2,the best,0.6369,Positive
keren,keren,keren,1,Cool,0.3182,Positive
packaging rapih bgt vga berfungsi dengan baik sayang pengiriman lama jd cancel acara lain karena nunggu vga sampe padahal sudab di wanti dr semalem sebelumnya,packaging rapih banget vga berfungsi baik sayang pengiriman lama jadi cancel acara nunggu vga sampe padahal sudab wantidarisemalem sebelumnya,packaging rapih banget vga fungsi baik sayang kirim lama jadi cancel acara nunggu vga sampe padahal sudab wantidarisemalem belum,25,"VGA's very neat packaging is functioning well, unfortunately the old shipment can be a cancel the event waiting for VGA to arrive even though the previous Wantidarisemalem",0.2484,Positive
thanks,thanks,thanks,1,Thanks,0.4404,Positive
best value headset,best value headset,best value headset,3,Best Value Headset,0.765,Positive
mantap gercep bagus layanan prima barang sesuai,mantap gercep bagus layanan prima barang sesuai,mantap gercep bagus layan prima barang sesuai,7,great gercep good good excellent goods,0.9274,Positive
cepat dan sesuai tanpa extra setting apa dengan kabel displayport bawaan bisa hz,cepat sesuai extra setting apa kabel displayport bawaan bisaa hz,cepat sesuai extra setting apa kabel displayport bawa bisaa hz,13,Quickly according to extra settings what default display cable can be hz,0.0,Neutral
sesuai deskripsi berfungsi dengan baik,sesuai deskripsi berfungsi baik,sesuai deskripsi fungsi baik,5,according to the description functioning well,0.2732,Positive
sudah sebulan berlalu alhamdulillah sejauh ini tidak ada kendala sangat terbantu dengan adanya baut dalam paket pembelian karena baut bekas psu yang lama sudah tidak bis,sebulan berlalu alhamdulillah sejauh kendala sangat terbantu adanya baut paket pembelian baut bekas psu lama,bulan lalu alhamdulillah jauh kendala sangat bantu ada baut paket beli baut bekas psu lama,26,a month passed Alhamdulillah as far as the obstacle was greatly helped,-0.3612,Negative
pelayanan mantab barang oke sesuai terima kasih,pelayanan mantap barang oke sesuai terima kasih,layan mantap barang oke sesuai terima kasih,7,"Steady service, okay items according to thank you",0.5267,Positive
pelayanan mantab,pelayanan mantap,layan mantap,2,Steady service,0.0,Neutral
respon baik kualitas baik puas dengan pelayanannya,respon baik kualitas baik puas pelayanannya,respon baik kualitas baik puas layan,7,good response good quality good service,0.8271,Positive
contrast ratio ngk kaya oled tapi jauh lebih bagus daripada panelpanel ips,contrast ratio ngga kaya oled jauh lebih bagus panelpanel ips,contrast ratio ngga kaya oled jauh lebih bagus panelpanel ips,12,The contrast ratio is not like OLED is much better Panelpanel IPS,0.1999,Positive
barang nyampe dalam keadaan bagus meskipun packing nya ga pake kayu tapi dikasih bubble wrap tebal biar aman,barang nyampe keadaan bagus meskipun packing nyanggapake kayu dikasih bubble wrap tebal aman,barang nyampe ada bagus meski packing nyanggapake kayu kasih bubble wrap tebal aman,18,Goods arrived in good condition even though the packing of wood was given a thick bubble wrap,0.4404,Positive
seller fast response earcupnya lembut best value headset sound mantap nyaman dan praktis tinggal plug play,seller fast response earcupnya lembut best value headset sound mantap nyaman praktis tinggal plug play,seller fast response earcupnya lembut best value headset sound mantap nyaman praktis tinggal plug play,16,Seller Fast Response Earcup Soft Best Value Headset Sound Sound is comfortable Practical Staying Plug Play,0.9062,Positive
barang kualitas bagus pelayanan cepat pengiriman aman,barang kualitas bagus pelayanan cepat pengiriman aman,barang kualitas bagus layan cepat kirim aman,7,Good quality items for fast delivery service safe,0.7003,Positive
belum di pasang nunggu part yg lain dl edit lg besok setelah dipasang,pasang nunggu part dulu edit besok dipasang,pasang nunggu part dulu edit besok pasang,13,Put the Part First Edit Tomorrow Installed,0.0,Neutral
beli buat kado udah dikasih tapi belom di coba semoga aman aja yaa,beli buat kado udah dikasih belom coba semoga aman aja yaa,beli buat kado udah kasih bom coba moga aman aja yaa,13,"Buy for gifts, I haven't given it yet, I haven't tried it, I hope it is safe",0.7003,Positive
barang bagus pelayanan baik sukses terus msi indonesia,barang bagus pelayanan baik sukses terus msi indonesia,barang bagus layan baik sukses terus msi indonesia,8,Good Goods Good Services Success Continue MSI Indonesia,0.8591,Positive
nicely fit,nicely fit,nicely fit,2,Nicely Fit,0.6597,Positive
garansi resmi admin fast respon barang bagus dan berkualitas,garansi resmi admin fast respon barang bagus berkualitas,garansi resmi admin fast respon barang bagus kualitas,9,Official Guarantee Admin Fast Response Good Quality Goods,0.5994,Positive
garansi resmi respon admin cepat barang bagus dan berkualitas,garansi resmi respon admin cepat barang bagus berkualitas,garansi resmi respon admin cepat barang bagus kualitas,9,Official Guarantee Admin Response Fast Good Quality Goods,0.5994,Positive
good,good,good,1,Good,0.4404,Positive
saran aja sih jangan tunggu kurir yang jemput barang kalo seandainya barangnya banyak overall semuanya bagus pelayanan juga ramah,saran aja jangan tunggu kurir jemput barang seandainya barangnya banyak overall semuanya bagus pelayanan ramah,saran aja jangan tunggu kurir jemput barang anda barang banyak overall semua bagus layan ramah,19,"advice just don't wait for the courier to pick up items if the goods are many overalls, everything is good",0.4404,Positive
beli instan langsung pasang di lenovo legion seri mhh intel gtx ti walaupun ini ddr tapi masih bisa backward compatible ke slot ddr laptopnya pas sam,beli instan langsung pasang lenovo legion seri mhh intel gtx ti walaupun ddr bisaa backward compatible slot ddr laptopnya pas sam,beli instan langsung pasang lenovo legion seri mhh intel gtx ti walaupun ddr bisaa backward compatible slot ddr laptop pas sam,26,Buy instant directly install Lenovo Legion MHH Intel GTX TI series even though DDR can backward compatible DDR slot slot right,0.0,Neutral
kualitas bagusseller komunikatif dan fast responsepackaging tebal dan aman,kualitas bagusseller komunikatif fast responsepackaging tebal aman,kualitas bagusseller komunikatif fast responsepackaging tebal aman,9,good quality communicative seller fast response packaging thick safe,0.7003,Positive
bagus datang di kondisi brand new semua fitur berfungsi dengan baik,bagus datang kondisi brand new semua fitur berfungsi baik,bagus datang kondisi brand new semua fitur fungsi baik,11,good coming brand new condition all features functioning well,0.6124,Positive
mouse enak dipakai button ada sayang nggak bisa di program,mouse enak dipakai button sayang ngga bisaa program,mouse enak pakai button sayang ngga bisaa program,10,a good mouse to use button unfortunately can't program,0.128,Positive
mantap bisa rotate jd potrait thanks semoga awet,mantap bisaa rotate jadi potrait thanks semoga awet,mantap bisaa rotate jadi potrait thanks moga awet,8,great can be rotate so potential thanks for it to be durable,0.8062,Positive
barangnya bagus sesuai spek,barangnya bagus sesuai spek,barang bagus sesuai spek,4,the item is good according to the spec,0.4404,Positive
barang sesuai sama tampilannya respon cepat cm dapat distrubor yg bukan biasanya mudahan servis centernya sama tinggal dicoba fungsinya sesuai deskripsi mudahan awet,barang sesuai sama tampilannya respon cepatcumadapat distrubor bukan biasanya mudahan servis centernya sama tinggal dicoba fungsinya sesuai deskripsi mudahan awet,barang sesuai sama tampil respon cepatcumadapat distrubor bukan biasa mudah servis centernya sama tinggal coba fungsi sesuai deskripsi mudah awet,23,"the item in accordance with the same appearance is the response of the FASTCUMDAH, the distribution of the distribution is not usually the same service center, just try the function according to the description, hopefully it lasts durable",0.4019,Positive
mantab barang ok puji tuhan sampai dengan selamat dan aman jaya,mantap barang puji tuhan selamat aman jaya,mantap barang puji tuhan selamat aman jaya,11,great items praise God happy safe jaya,0.9468,Positive
terbaik fast respon pengiriman cepat packing super duper rapi kualitas barang original pastinya recomender seller,terbaik fast respon pengiriman cepat packing super duper rapi kualitas barang original pastinya recomender seller,baik fast respon kirim cepat packing super duper rapi kualitas barang original pasti recomender seller,15,Best Fast Fast Delivery Response Packing Super Duper Neat Quality Original Goods Certainly Recommended Seller,0.9485,Positive
peforma bagus barang sesuai spesifikasi,peforma bagus barang sesuai spesifikasi,forma bagus barang sesuai spesifikasi,5,good performance of goods according to specifications,0.4404,Positive
semoga awet,semoga awet,moga awet,2,I hope it lasts,0.4404,Positive
ok mantap,mantap,mantap,2,Excellent,0.5719,Positive
barang sudah diterima dan semoga awet bossss quhhhhhhhh,barang diterima semoga awet bossss ku,barang terima moga awet bossss ku,8,"items are received, hopefully my bossss durable",0.4019,Positive
istimewa sudah dipasang mormal,istimewa dipasang mormal,istimewa pasang mormal,4,special installed normally,0.4019,Positive
saya baru saja membeli ssd msi spatium dengan kapasitas tb untuk lenovo thinkpad l gen saya dan berikut adalah pengalaman saya sejauh ini pemasangan ssd msi spati,baru membeli ssd msi spatium kapasitas tb lenovo thinkpad gen berikut pengalaman sejauh pemasangan ssd msi spati,baru beli ssd msi spatium kapasitas tb lenovo thinkpad gen ikut alam jauh pasang ssd msi spati,27,just bought SSD MSI Spatium TB Capacity Lenovo ThinkPad Gen Following experience as far as the installation of SSD MSI SPATI,0.0,Neutral
alhamdulillah barang nya udah sampai dengan selamat semoga berkah,alhamdulillah barang udah selamat semoga berkah,alhamdulillah barang udah selamat moga berkah,9,"Alhamdulillah, the item is safe, hopefully a blessing",0.8316,Positive
respon lumayan cepat psu nya selamat dan berfungsi ekspedisinya nggak bener kerjanya karena kondisi packagingnya berlubang seperti di robek dan basah kemasukan air pur,respon lumayan cepat psu selamat berfungsi ekspedisinya ngga bener kerjanya kondisi packagingnya berlubang robek basah kemasukan air pur,respon lumayan cepat psu selamat fungsi ekspedisi ngga bener kerja kondisi packagingnya lubang robek basah masuk air pur,24,"The response is pretty fast, PSU happy functions, the expedition is not really working, the condition of the packaging has a torn hole wet.",0.7096,Positive
oke nyampe dengan selamat dan baik kondisinya untuk test blm dilakukan semoga berfungsi dengan baik gud job,oke nyampe selamat baik kondisinya test dilakukan semoga berfungsi baikgoodjob,oke nyampe selamat baik kondisi test laku moga fungsi baikgoodjob,17,"Okay, arrive in good condition, the condition of the test is done, hopefully it works well, good job",0.8885,Positive
sudah pernah menggunakan produk monitor msi lain selama hampir tahun sebelumnya dan reliable,pernah menggunakan produk monitor msi selama hampir tahun sebelumnya reliable,pernah guna produk monitor msi lama hampir tahun belum reliable,13,Have used MSI monitor products for almost the previous year's reliable,0.0,Neutral
fast respond seller sat set klik order langsung kirim low budget monitor kualitas oke buat game di rentang harga segini cuma ini thanks,fast respond seller sat set klik order langsung kirim low budenganet monitor kualitas oke buat game rentang harga segini cuma thanks,fast respond seller sat set klik order langsung kirim low budenganet monitor kualitas oke buat game rentang harga gin cuma thanks,23,Fast Respond Seller Sat Set Click Order Directly Send Low Budengan Monitor Quality Okay For Game Range Prices This is just thanks,0.4019,Positive
belum dicoba pengiriman cepat,dicoba pengiriman cepat,coba kirim cepat,4,try fast shipping,0.0,Neutral
keren setelah dipakai jadi alus bet semoga awet trouble,keren dipakai jadi alus banget semoga awet trouble,keren pakai jadi alus banget moga awet trouble,9,"cool to use it so it's really alus, hopefully durable trouble",0.3774,Positive
gg msi udh paling mantep dah,gg msi udah paling mantep dah,gg msi udah paling mantep dah,6,gg msi is the best,0.7506,Positive
mantaaaappp,mantap,mantap,1,Excellent,0.5719,Positive
sempat bermasalah karena dongle tp cs msi sangat helpful mencarikan solusi setelah ganti dongle monitor bekerja dgn lancar,sempat bermasalah dongle cs msi sangat helpful mencarikan solusi ganti dongle monitor bekerja lancar,sempat masalah dongle cs msi sangat helpful cari solusi ganti dongle monitor kerja lancar,18,Had a problem with Dongle CS MSi very helpful to find a solution to change the Monitor Dongle Work smoothly,0.4005,Positive
ok,,,1,,0.0,Neutral
produk sudah diterima dengan baik menyalanyala bossque,produk diterima baik menyalanyala bossque,produk terima baik menyalanyala bossque,7,good accepted products,0.6124,Positive
sudah menyala dengan baik setingan bisa sampai hz sesuai dengan deskripsi pokoknya recommended,menyala baik setingan bisaa hz sesuai deskripsi pokoknya recommended,nyala baik ting bisaa hz sesuai deskripsi pokok recommended,13,LIGHT Good settings can be Hz according to the description of the main recommended description,0.5719,Positive
produk lengkap sesuai dengan deskripsi pc juga sudah bisa dinyalakan dan siap tempur,produk lenggaap sesuai deskripsi pc bisaa dinyalakan siap tempur,produk lenggaap sesuai deskripsi pc bisaa nyala siap tempur,13,Lenggaap products according to the PC description can be turned on ready for combat,0.0258,Positive
produk sangat lengkap sesuai dengan panduan terregistrasi juga pc sudah nyala dan siap tempur,produk sangat lenggaap sesuai panduan terregistrasi pc nyala siap tempur,produk sangat lenggaap sesuai pandu terregistrasi pc nyala siap tempur,14,The product is very close according to the PC registration guide on a combat ready,0.0258,Positive
mantap berfungsi dengan baik,mantap berfungsi baik,mantap fungsi baik,4,great functioning well,0.7351,Positive
kualitas bagus,kualitas bagus,kualitas bagus,2,good quality,0.4404,Positive
thanks buat msi shop id tokopedia dan expedition team semoga sukses selalu packing dengan bubble wrap super duper tebal banget sudah pasti aman w,thanks buat msi shop id tokopedia expedition team semoga sukses selalu packing bubble wrap super duper tebal banget aman,thanks buat msi shop id tokopedia expedition team moga sukses selalu packing bubble wrap super duper tebal banget aman,24,"Thanks for Msi Shop Id Tokopedia Expedition Team, good luck always packing bubble wrap super duper very thick",0.9136,Positive
original,original,original,1,Original,0.3182,Positive
rekomended seller,rekomended seller,rekomended seller,2,Recommended Seller,0.2023,Positive
gudd,good,good,1,Good,0.4404,Positive
respon cepat dan packing aman,respon cepat packing aman,respon cepat packing aman,5,SAFE PACKING FAST RESPONSE,0.4404,Positive
mantap barangnya nyaman dan praktis tinggal plug play best value mouse,mantap barangnya nyaman praktis tinggal plug play best value mouse,mantap barang nyaman praktis tinggal plug play best value mouse,11,great the item is comfortable practically staying plug play best value mouse,0.9468,Positive
proses cepatpelayanan nya okmudahan awet,proses cepatapielayanan okmudahan awet,proses cepatapielayanan okmudahan awet,5,the process of fast service is okay durable,0.2263,Positive
mantap barang bagus madep kualitas jangan di ragulan tb speed madep,mantap barang bagus madep kualitas jangan ragulan tb speed madep,mantap barang bagus madep kualitas jangan ragulan tb speed madep,11,great good item madep quality do not ragulan tb speed madep,0.7906,Positive
mantap monitor impian akhirnya kebeli jg,mantap monitor impian akhirnya kebeli,mantap monitor impi akhir kebel,6,Great Monitor Dream finally bought,0.7269,Positive
mantapp,mantap,mantap,1,Excellent,0.5719,Positive
mantap kali packingnya bagus,mantap kali packingnya bagus,mantap kali packingnya bagus,4,great packing times good,0.7906,Positive
barang ori respon penjual ramah pengiriman cepat,barang ori respon penjual ramah pengiriman cepat,barang ori respon jual ramah kirim cepat,7,Origi Item Response Seller Sellers Fast Shipping,0.0,Neutral
kiriman cepat barang mantap,kiriman cepat barang mantap,kirim cepat barang mantap,4,fast shipment,0.0,Neutral
peforma pc ini mantap udah pake processor terbaru dan gtx series yg kencang semua game bisa dijalankan dgn fps max pilihan yg bagus bgt buat gamer dan harga pun te,peforma pc mantap udah pake processor terbaru gtx series kencang semua game bisaa dijalankan fps max pilihan bagus banget buat gamer harga te,forma pc mantap udah pake processor baru gtx series kencang semua game bisaa jalan fps max pilih bagus banget buat gamer harga te,30,PC performance is already using the latest GTX series processor all the games all games can run FPS Max really good choice for gamers.,0.4927,Positive
mantaaab,mantap,mantap,1,Excellent,0.5719,Positive
packing bagus dan rapi pengiriman cepat,packing bagus rapi pengiriman cepat,packing bagus rapi kirim cepat,6,Good Packing Neat Fast Delivery,0.7096,Positive
belum di coba semoga awet,coba semoga awet,coba moga awet,5,Try to last durable,0.0,Neutral
barang sudah diterima degan baik,barang diterima degan baik,barang terima degan baik,5,Goods well received,0.2732,Positive
barang datang dengan packing bubble tebal ssd sendiri cepat dengan harga terjangkau,barang datang packing bubble tebal ssd sendiri cepat harga terjanggaau,barang datang packing bubble tebal ssd sendiri cepat harga terjanggaau,12,goods come packing bubble thick ssd itself fast affordable prices,0.0,Neutral
barang bagus packing rapi berfu gsindengan baik,barang bagus packing rapi berfu gsindengan baik,barang bagus packing rapi berfu gsindengan baik,7,Nice good packing items function properly,0.6908,Positive
gg wp,gg wp,gg wp,2,GG WP,0.4939,Positive
ssd berfungsi dengan baik,ssd berfungsi baik,ssd fungsi baik,4,SSD functions well,0.2732,Positive
recommended product trusted seller,recommended product trusted seller,recommended product trusted seller,4,Recommended Product Trusted Seller,0.5994,Positive
packing sangat baik barang berfungsi dengan sangat baik,packing sangat baik barang berfungsi sangat baik,packing sangat baik barang fungsi sangat baik,8,very good packing items function very well,0.6794,Positive
barang diterima dalam keadaan baik tapi tidak menyala,barang diterima keadaan baik menyala,barang terima ada baik nyala,8,the item is received a good condition,0.4404,Positive
barang original dan mantap sesuai deskripsi packing aman pelayanan cepat,barang original mantap sesuai deskripsi packing aman pelayanan cepat,barang original mantap sesuai deskripsi packing aman layan cepat,10,original original items according to the description of the packing safe service fast,0.7579,Positive
seller responsif dan membantu,seller responsif membantu,seller responsif bantu,4,Responsive seller helps,0.6249,Positive
nyaman dan praktis tinggal plug play,nyaman praktis tinggal plug play,nyaman praktis tinggal plug play,6,Practically comfortable staying plug play,0.6908,Positive
semoga awet mantap oke punya bagus sip,semoga awet mantap oke punya bagus sip,moga awet mantap oke punya bagus sip,7,"I hope it lasts so good, okay, I have good",0.8938,Positive
barang sudah di terima packing rapih dan aman barang sesuai pesanan dan berfungsi dengan baik,barang terima packing rapih aman barang sesuai pesanan berfungsi baik,barang terima packing rapih aman barang sesuai pesan fungsi baik,15,items receive a safe packing of safe goods according to the order functioning well,0.7845,Positive
mendarat sempurna berfungsi normal mantap,mendarat sempurna berfungsi normal mantap,darat sempurna fungsi normal mantap,5,Landing perfectly functions normally great,0.8519,Positive
pelayanan baik,pelayanan baik,layan baik,2,Good service,0.4404,Positive
maaf baru kasih feedback setelah minggu pemakaian monitor sangat bagus layar jernih kualitas bagus gak ada dead pixel penjual juga ramah meskipun thank,maaf baru kasih feedback minggu pemakaian monitor sangat bagus layar jernih kualitas bagus ngga dead pixel penjual ramah meskipun thank,maaf baru kasih feedback minggu pakai monitor sangat bagus layar jernih kualitas bagus ngga dead pixel jual ramah meski thank,23,"Sorry, I just gave the week feedback to use the monitor, a very good good quality screen, not a friendly dead pixel seller even though thank you",0.855,Positive
barang sesuai pesanan dan memuaskan,barang sesuai pesanan memuaskan,barang sesuai pesan muas,5,goods according to satisfying order,0.4588,Positive
positif penjual menjawab berbagai pertanyaan saya dengan cepat dan jelas barang yang saya pesan segera diproses di dalam kardus barang dilengkapi busa sedangkan,positif penjual menjawab berbagai pertanyaan cepat jelas barang pesan segera diproses kardus barang dilenggaapi busa sedanggaan,positif jual jawab bagai tanya cepat jelas barang pesan segera proses kardus barang dilenggaapi busa sedanggaan,23,Positive the seller answers a variety of fast questions. Clearly the item order is immediately processed by a cardboard goods in the field of foam,0.743,Positive
packing kayu kokoh,packing kayu kokoh,packing kayu kokoh,3,Sturdy wood packing,0.0,Neutral
harga termurah semoga ssd nya berjalan dengan baik dan mantap,harga termurah semoga ssd berjalan baik mantap,harga murah moga ssd jalan baik mantap,10,"the cheapest price, hopefully SSD will run well",0.5859,Positive
mantap packing aman dan datang dengan cepat produk juga oke,mantap packing aman datang cepat produk oke,mantap packing aman datang cepat produk oke,10,great packing safe coming fast products okay,0.836,Positive
produk mantappp pengiriman cepat packing aman kardus tidak ada penyok sehingga bisa dipajang,produk mantapp pengiriman cepat packing aman kardus penyok bisaa dipajang,produk mantapp kirim cepat packing aman kardus penyok bisaa pajang,13,steady product fast delivery packing safe cardboard can be displayed,0.4404,Positive
barang bagus rekomen untuk yang mau buat pc,barang bagus rekomen mau buat pc,barang bagus rekomen mau buat pc,8,good items recommended to make a pc,0.5719,Positive
sanggap pas sekali untuk bermain game fps,sangat pas sekali bermain game fps,sangat pas sekali main game fps,7,Very fitting once playing FPS games,0.2648,Positive
terimakasih,terimakasih,terimakasih,1,Thank You,0.3612,Positive
mantep beli di sini penjual ramah sabar ditanyain orang kek saya heheh barang josss,mantep beli sini penjual ramah sabar ditanyain orang kek heheh barang josss,mantep beli sini jual ramah sabar ditanyain orang kek heheh barang josss,14,great buy here a friendly seller patiently asked by people kek heheh stuff josss,0.8074,Positive
barang asli sesuai pesanan packing sangat baik mantap,barang asli sesuai pesanan packing sangat baik mantap,barang asli sesuai pesan packing sangat baik mantap,8,Original items according to the packing order are very good,0.6697,Positive
produk ok gambar bagus packing rapi good seller,produk gambar bagus packing rapi good seller,produk gambar bagus packing rapi good seller,8,Good Packing Packing Product Neat Good Seller,0.8316,Positive
pengiriman cepat packing super rapih barangnya original dan kenceng banget,pengiriman cepat packing super rapih barangnya original kenceng banget,kirim cepat packing super rapih barang original kenceng banget,10,Fast shipping packing super neatly original goods are very fast,0.8225,Positive
berfungsi dengan baik semoga awet,berfungsi baik semoga awet,fungsi baik moga awet,5,"Function well, hopefully durable",0.5859,Positive
packaging rapi dan aman dikasih bubble wrap sehingga tidak ada kerusakan ketika sampai tujuan kualitas gambar juga ciamik smooth banget scroll dan transition animation,packaging rapi aman dikasih bubble wrap kerusakan tujuan kualitas gambar ciamik smooth banget scroll transition animation,packaging rapi aman kasih bubble wrap rusa tuju kualitas gambar ciamik smooth banget scroll transition animation,24,Neat packaging is safe to be given bubble wrap damage destination image quality Ciamik Smooth really scroll transition animation,0.4019,Positive
spesifikasi memadai untuk desain buku garansi resmi dapat keyboard msi vigor gk dan mouse msi proses cepat pesan siang menjelang senja sudah di rumah good job msi,spesifikasi memadai desain buku garansi resmi keyboard msi vigor ngga mouse msi proses cepat pesan siang menjelang senja rumah good job msi,spesifikasi pada desain buku garansi resmi keyboard msi vigor ngga mouse msi proses cepat pesan siang jelang senja rumah good job msi,27,Specifications Adequate Design of the Official MSI Vigor Keyboard Warranty Book No Mouse MSI Fast Process Overcoming afternoon,0.2023,Positive
bagus ni monitor budget,bagus ni monitor budenganet,bagus ni monitor budenganet,4,good ni monitor budengan,0.4404,Positive
luar biasa pelayanannya barang bekerja dengan baik,luar biasa pelayanannya barang bekerja baik,luar biasa layan barang kerja baik,7,extraordinary service goods work well,0.2732,Positive
barang bagus,barang bagus,barang bagus,2,Good stuff,0.4404,Positive
pengiriman cepat admin cepat respons,pengiriman cepat admin cepat respons,kirim cepat admin cepat respons,5,Fast Delivery Admin Fast Response,0.0,Neutral
produk sesuai deskripsi pelayanan baik dan cepat,produk sesuai deskripsi pelayanan baik cepat,produk sesuai deskripsi layan baik cepat,7,products according to good service description fast,0.4404,Positive
barang sudah sampai pacing aman banget mantab,barang pacing aman banget mantap,barang pacing aman banget mantap,7,Pacing items are very safe,0.4927,Positive
seller gercep n packaging aman bubble wrap tebal,seller gercep packaging aman bubble wrap tebal,seller gercep packaging aman bubble wrap tebal,8,Seller Gercep Packaging Safe Bubble Wrap Thick,0.4404,Positive
barang berfungsi dengan baiksemoga awet ngga ada kendala,barang berfungsi baiksemoga awet ngga kendala,barang fungsi baiksemoga awet ngga kendala,8,Goods functioning good hopefully durable no obstacles,0.7772,Positive
mantap paket lengkap tinggal pake pc nya,mantap paket lenggaap tinggal pake pc,mantap paket lenggaap tinggal pake pc,7,steady langgaap package just use a pc,0.0,Neutral
kursinya empuk bisa buat santai packing bagus,kursinya empuk bisaa buat santai packing bagus,kursi empuk bisaa buat santai packing bagus,7,"The chair is tender, you can relax the packing is good",0.7003,Positive
puas,puas,puas,1,satisfied,0.4215,Positive
nice speed oke,nice speed oke,nice speed oke,3,nice speed okay,0.5719,Positive
packing barang terbilang aman bisa ditambah lakban fragile biar kurir makin hati hati kondisi barang sampai dengan baik pemakaian hari dari semenjak datang sangat n,packing barang terbilang aman bisaa ditambah lakban fragile kurir makin hati hati kondisi barang baik pemakaian hari semenjak datang sangat,packing barang bilang aman bisaa tambah lakban fragile kurir makin hati hati kondisi barang baik pakai hari semenjak datang sangat,25,Packing items are fairly safe can plus the courier fragile duct tape more carefully the condition of the good use of the day since it comes very,0.7645,Positive
ternyata custom untuk tombol di kiri tidak bisa ctrl c dsb sedikit kecewa oke,ternyata custom tombol kiri bisaa ctrl sedikit kecewa oke,nyata custom tombol kiri bisaa ctrl sedikit kecewa oke,14,it turns out that the custom left button can ctrl a little disappointed okay,-0.2927,Negative
mantap pelayanan gesit barang berfungsi dengan baik,mantap pelayanan gesit barang berfungsi baik,mantap layan gesit barang fungsi baik,7,steady service nimble goods functioning well,0.2732,Positive
semoga awet belum gw buka dan ada garansi tahun si aman banget harusnya,semoga awet buka garansi tahun aman banget harusnya,moga awet buka garansi tahun aman banget harus,13,I hope it durable opening the warranty year is really safe,0.7264,Positive
terimakasih sudah packing aman dan sampai di tujuan,terimakasih packing aman tujuan,terimakasih packing aman tuju,8,Thank you packing safe destination,0.6597,Positive
mousepad nya bagus,mousepad bagus,mousepad bagus,3,good mousepad,0.4404,Positive
pengiriman cepat di proses untuk ukuran toko resmi bubble wrap tebal,pengiriman cepat proses ukuran toko resmi bubble wrap tebal,kirim cepat proses ukur toko resmi bubble wrap tebal,11,Fast delivery process of the size of the official bubble wrap's official store,0.0,Neutral
barang sampai dengan aman,barang aman,barang aman,4,safe goods,0.4404,Positive
fast response packing rapih bubble wrap super tebal,fast response packing rapih bubble wrap super tebal,fast response packing rapih bubble wrap super tebal,8,fast response packing neat bubble wrap super thick,0.7845,Positive
best value mouse ukuran mouse pas ditangan nyaman dan praktis tinggal plug play,best value mouse ukuran mouse pas ditangan nyaman praktis tinggal plug play,best value mouse ukur mouse pas tang nyaman praktis tinggal plug play,13,best value mouse mouse mouse size right in a comfortable hand practically stay plug play,0.9382,Positive
service bagus dan fast respons barang oke tp sayang sekedar ganti casing aja hrs ke service center dulu biar gk ngerusak garansi,service bagus fast respons barang oke sayang sekedar ganti casing aja service center dulu ngga ngerusak garansi,service bagus fast respons barang oke sayang dar ganti casing aja service center dulu ngga ngerusak garansi,22,Good service fast response item okay dear just replace the casing center first not damage the warranty,0.8413,Positive
bagus produk sesuai ekspektasi pelayanan sangat baik,bagus produk sesuai ekspektasi pelayanan sangat baik,bagus produk sesuai ekspektasi layan sangat baik,7,good product according to very good service expectations,0.7264,Positive
brg sesuai pengiriman capat respon cepat next order lg disini terimakasih,barang sesuai pengiriman capat respon cepat next order disini terimakasih,barang sesuai kirim capat respon cepat next order sini terimakasih,11,goods according to shipping can be fast response next order here thank you,0.3612,Positive
sesuai deskripsi ada beberapa penyesuaian tapi jalan lancar,sesuai deskripsi beberapa penyesuaian jalan lancar,sesuai deskripsi beberapa sesuai jalan lancar,8,according to the description of some of the current road adjustments,0.0,Neutral
bagus bagus sesuai foto dan yang paling utama adalah curved,bagus bagus sesuai foto paling utama curved,bagus bagus sesuai foto paling utama curved,10,good good according to the most important photo curved,0.7841,Positive
barang ok berfungsi dengan baik,barang berfungsi baik,barang fungsi baik,5,Goods functioning well,0.2732,Positive
barang sesuai pesanan dan berfungsi dengan baik,barang sesuai pesanan berfungsi baik,barang sesuai pesan fungsi baik,7,Goods according to the order functioning well,0.2732,Positive
respon cepatramah dan barangnya baguuuus pengiriman juga cepat terima kasih seller,respon cepatramah barangnya bagus pengiriman cepat terima kasih seller,respon cepatramah barang bagus kirim cepat terima kasih seller,11,Fast response of good goods,0.4404,Positive
nice service produk original,nice service produk original,nice service produk original,4,Nice Service Original Product,0.6249,Positive
pengemasan rapi bubble wrap tebal pokoknya mantap,pengemasan rapi bubble wrap tebal pokoknya mantap,emas rapi bubble wrap tebal pokok mantap,7,neat packaging bubble wrap thick anyway,0.4588,Positive
trima kasih ssd nya cocok dengan laptop saya,terima kasih ssd cocok laptop,terima kasih ssd cocok laptop,8,thank you ssd suitable laptop,0.3612,Positive
barang sdh diterima tinggal di kan nanti di update lagi yaa,barangsudahditerima tinggal kan update yaa,barangsudahditerima tinggal kan update yaa,11,"the item has been received, right?",0.0,Neutral
mousepad gaming bagus,mousepad gaming bagus,mousepad gaming bagus,3,good mousepad gaming,0.4404,Positive
keren pake murmer ga ribet bisa main game meski ga rata kanan,keren pake murmernggaribanget bisaa main game meskinggarata kanan,keren pake murmernggaribanget bisaa main game meskinggarata kanan,12,cool using murmerggaribanget can play the game even though right,0.5719,Positive
kursinya empuk,kursinya empuk,kursi empuk,2,The chair is soft,0.0,Neutral
mantap barang ori berjalan lancar kenceng buat gaming,mantap barang ori berjalan lancar kenceng buat gaming,mantap barang ori jalan lancar kenceng buat gaming,8,Steady ori goods run smoothly fast for gaming,0.0,Neutral
ukuran mouse pas ditangan nyaman dan praktis tinggal plug play best value mouse,ukuran mouse pas ditangan nyaman praktis tinggal plug play best value mouse,ukur mouse pas tang nyaman praktis tinggal plug play best value mouse,13,the size of the mouse right in the hands comfortable practically just plug play best value mouse,0.9062,Positive
mantap pekingan rapih,mantap pekingan rapih,mantap peking rapih,3,steady neat pekingan,0.4588,Positive
pekingan sangat rapih dan tebal sesuai pesanan mendarat dengan mulus,pekingan sangat rapih tebal sesuai pesanan mendarat mulus,peking sangat rapih tebal sesuai pesan darat mulus,10,Pekingan is very neatly thick according to the order to land smoothly,0.4005,Positive
mantab sih packing tanpa pakcing kayu tapi bubble wrap sampe setengah gulung berlipat keknya ada x lapisnya ternyata ini tokonya imba pc yg punya dpt kartu n,mantap packing pakcing kayu bubble wrap sampe setengah gulung berlipat keknya lapisnya ternyata tokonya imba pc punya dpt kartu,mantap packing pakcing kayu bubble wrap sampe tengah gulung lipat kek lapis nyata toko imba pc punya dpt kartu,27,steady packing packing bubble wrap wooden packing up to half rolls in a layer of layer it turns out that the shop Imba PC has a card DPT,0.0,Neutral
datang tepat waktu works thanks,datang tepat waktu works thanks,datang tepat waktu works thanks,5,arrive on time works thanks,0.4404,Positive
barang original speed blm ditest semoga awet,barang original speed ditest semoga awet,barang original speed ditest moga awet,7,"Original Speed ​​Items Tested, hopefully durable",0.6124,Positive
mantabs tidak ada kendala,mantaps kendala,mantaps kendala,4,mantaps constraints,0.0,Neutral
sip mantaaaap mendarat dgn mulus packing super tebel mantaaaap thnks bang,sip mantap mendarat mulus packing super tebel mantap thnks bang,sip mantap darat mulus packing super tebel mantap thnks bang,11,sip great landing smooth packing super tebel steady too bang,0.8402,Positive
sesuai deskripsi,sesuai deskripsi,sesuai deskripsi,2,according to the description,0.0,Neutral
produk sudah sampai setelah minggu dari ekspediisinya yg lambat padahal dari seller sudah gercep untuk produknya mantap pokoknya,produk minggu ekspediisinya lambat padahal seller gercep produknya mantap pokoknya,produk minggu ekspediisinya lambat padahal seller gercep produk mantap pokok,18,The ex -expedited week products are slow even though the product gercep seller is great,0.6249,Positive
bekerja dengan sangat baik udah kepasang sekitar semingguan dan memang performa kelas atas,bekerja sangat baik udah kepasang semingguan memang performa kelas atas,kerja sangat baik udah pasang minggu memang performa kelas atas,13,working very well already paired as a week is indeed upper class performance,0.3384,Positive
msi udah ga perlu diraguikan deh kualitas pelayanannya terbaik thank youuuu,msi udahnggaperlu diraguikan deh kualitas pelayanannya terbaik thank youuuu,msi udahnggaperlu diraguikan deh kualitas layan baik thank youuuu,11,Msi already needs to be doubted and the best service quality thank you,0.6808,Positive
packing aman bubble warp cukup tebal kardus vga card nya masih aman dan vga card nya aman,packing aman bubble warp cukup tebal kardus vga card aman vga card aman,packing aman bubble warp cukup tebal kardus vga card aman vga card aman,17,Safe packing bubble warp is thick enough cardboard VGA card safe VGA card safe,0.8271,Positive
output suaranya bagus banget sih bodi headphone nya juga solid dan gak kerasa kopong ya emang sih perbandingannya sama headphone saya sebelumnya yang rban ditamba,outapiut suaranya bagus banget bodi headphone solid ngga kerasa kopong emang perbandingannya sama headphone sebelumnya rban ditamba,outapiut suara bagus banget bodi headphone solid ngga rasa kopong emang banding sama headphone belum rban ditamba,25,"The sound output is really good body headphone solid does not feel hollow, the comparison is the same as the previous headphone",0.5849,Positive
mantappp produknya,mantapp produknya,mantapp produk,2,Mantapp the product,0.0,Neutral
rekomendasi saya adalah membeli barang anda dari perusahaan lain toko ini hanya tertarik pada penjualan bukan pelayanan saya membeli monitor juta ini dan rusak pada,rekomendasi membeli barang perusahaan toko tertarik penjualan bukan pelayanan membeli monitor juta rusak,rekomendasi beli barang usaha toko tarik jual bukan layan beli monitor juta rusak,25,"Recommendations for buying shops in shops are interested in sales, not services to buy damaged million",-0.0516,Negative
sangat bagus dan lengkap semoga awet,sangat bagus lenggaap semoga awet,sangat bagus lenggaap moga awet,6,very good lenggaap hopefully durable,0.7316,Positive
mantab buat upgrade msi katana speed gen terkenceng di kelasnya,mantap buat upgrade msi katana speed gen terkenceng kelasnya,mantap buat upgrade msi katana speed gen kenceng kelas,10,"great to upgrade MSI katana speed genes, the classrooms",0.6249,Positive
pc nya bagus dapat upgrade juga makin mantap pelayanan juga fast response info yang disampaikan juga tepat jangan ragu untuk berbelanja disini top markotop,pc bagus upgrade makin mantap pelayanan fast response info disampaikan tepat jangan ragu berbelanja disini top markotop,pc bagus upgrade makin mantap layan fast response info sampai tepat jangan ragu belanja sini top markotop,24,Good PC upgrade more stable service fast response info delivered right do not hesitate to shop here TOP MARKOTOP,0.829,Positive
sesuai pesanan admin gercep cuma gk dapat stiker msi,sesuai pesanan admin gercep cuma ngga stiker msi,sesuai pesan admin gercep cuma ngga stiker msi,9,according to the order admin Gercep is just not a MSI sticker,0.0,Neutral
hm,hm,hm,1,Hm,0.0,Neutral
keyboardnya mantap dan enak digunakan enak banget buat ngegame build qualitynya terbaik,keyboardnya mantap enak digunakan enak banget buat ngegame build qualitynya terbaik,keyboardnya mantap enak guna enak banget buat ngegame build qualitynya baik,12,"The keyboard is great, it's really good to use it for the best quality build quality",0.9099,Positive
barang ori packing aman dan rapi pengiriman sesuai jadwal,barang ori packing aman rapi pengiriman sesuai jadwal,barang ori packing aman rapi kirim sesuai jadwal,9,Ori packing items are safe to ship according to schedule,0.4404,Positive
semoga monitor nya awet dan kalau ada cacat semoga claim garansinya dipermudah,semoga monitor awet kalau cacat semoga claim garansinya dipermudah,moga monitor awet kalau cacat moga claim garansi mudah,12,"I hope the monitor is durable if the disability, hopefully the warranty claims will be made easier",0.8126,Positive
siiiiiiip besok order lagi,siiiiiiip besok order,siiiiiiip besok order,4,siiiiiiip tomorrow order,0.0,Neutral
barang sampai dengan selamat sat set sat set,barang selamat sat set sat set,barang selamat sat set sat set,8,Goods Congratulations Sat Set Sat Set,0.5994,Positive
belum dicoba semoga gak masalah pengiriman cepat edit setelah hampir sebulan pemakaian bagian kapasitor keluar api pas dinyalakan di pagi hari catatan menggunakan,dicoba semoga ngga masalah pengiriman cepat edit hampir sebulan pemakaian bagian kapasitor keluar api pas dinyalakan pagi hari catatan menggunakan,coba moga ngga masalah kirim cepat edit hampir bulan pakai bagi kapasitor keluar api pas nyala pagi hari catat guna,23,"try it, hopefully there is no problem for fast shipping, edit almost a month the use of the capacitor out of the fire when it is turned on in the morning notes using",0.3732,Positive
rekommended seller respon cepat packing rapih dan barang sesuai deskripsi,rekommended seller respon cepat packing rapih barang sesuai deskripsi,rekommended seller respon cepat packing rapih barang sesuai deskripsi,10,Recommended Seller Fast Response Packing Neat Goods according to the description,0.5859,Positive
mantapbubbelrap tebal,mantapbubbelrap tebal,mantapbubbelrap tebal,2,great bubble wrap thick,0.6249,Positive
barang original dan packing aman sekali terimakasih,barang original packing aman sekali terimakasih,barang original packing aman sekali terimakasih,7,"Original packing items are very safe, thank you",0.8059,Positive
mantap dan berkualitas,mantap berkualitas,mantap kualitas,3,Great quality,0.6249,Positive
monitornya mantap,monitornya mantap,monitor mantap,2,The monitor is great,0.6249,Positive
pengiriman cepat barang mulus siap pake ngecompe,pengiriman cepat barang mulus siap pake ngecompe,kirim cepat barang mulus siap pake ngecompe,7,Fast delivery of smooth goods ready to use ngecompe,0.3612,Positive
barang sesuai spek proses cepat dan seller ramah kekurangan model ini ga bisa untuk triple display karena prosesor seri f,barang sesuai spek proses cepat seller ramah kekurangan model ininggabisaa triple display prosesor seri,barang sesuai spek proses cepat seller ramah kurang model ininggabisaa triple display prosesor seri,20,Items according to the SPEK Fast Seller Process Seller Lack of Model ingabisaa Triple Display Series Processor,-0.3182,Negative
mantap sampai dengan selamat,mantap selamat,mantap selamat,4,Great congratulations,0.8402,Positive
bagus sesuai ekspektasi hz mantap sayang tipe curved nya blm ada utk ukuran segini,bagus sesuai ekspektasi hz mantap sayang tipe curved ukuran segini,bagus sesuai ekspektasi hz mantap sayang tipe curved ukur gin,14,good according to expectations hz steady dear this type of curved size,0.6705,Positive
berfungsi dgn baik,berfungsi baik,fungsi baik,3,functioning well,0.2732,Positive
recommended seller,recommended seller,recommended seller,2,Recommended Seller,0.2023,Positive
barang berfungsi dgn baik bisa di atur di msi center keren puol original punya,barang berfungsi baik bisaa atur msi center keren puol original punya,barang fungsi baik bisaa atur msi center keren puol original punya,14,Good functioning items can adjust the original MSI Center Poll Original,0.7579,Positive
barang sdh diyerima dengan baikorimakasih,barangsudahdiyerima baikorimakasih,barangsudahdiyerima baikorimakasih,5,BARANGSUDIYDIYDIHAHIKAHIKHIKAH,0.0,Neutral
packing nya mantaabbbs orderan sampai dengan happy banget,packing mantap orderan happy banget,packing mantap order happy banget,8,Packing Great Order Very Happy,0.8439,Positive
sudah mengikuti msi selama tahun selalu dibuat puas dan melebihi ekspetasi pelayanannya baik packing sangat aman harga sesuai kualitas terima kasih mantap,mengikuti msi selama tahun selalu dibuat puas melebihi ekspetasi pelayanannya baik packing sangat aman harga sesuai kualitas terima kasih mantap,ikut msi lama tahun selalu buat puas lebih ekspetasi layan baik packing sangat aman harga sesuai kualitas terima kasih mantap,22,following MSI during the year always made satisfied extension of the extension of the service both packing very safe prices according to the quality of thank you greatly,0.8173,Positive
mantab proteksi tebal barang sesuai deskripsi,mantap proteksi tebal barang sesuai deskripsi,mantap proteksi tebal barang sesuai deskripsi,6,steady protection thickness of goods according to the description,0.0,Neutral
dapat berfungai dengan baik,berfungai baik,berfungai baik,4,Fun!,0.5562,Positive
luar biasa mantap,luar biasa mantap,luar biasa mantap,3,Unbelievable,0.2023,Positive
jos jis bngtadminya juga jos,jos jis bangetadminya jos,jos jis bangetadminya jos,5,Jos Jisadmanya Jos,0.0,Neutral
jos jis bngt namun sayang di expedisi pengiriman nya lumayan lama yg lain ok semua,jos jis banget sayang expedisi pengiriman lumayan lama semua,jos jis banget sayang expedisi kirim lumayan lama semua,15,JOS JIS Very Dear Shipping Expeditions for quite a long time,0.4391,Positive
ok jos jis,jos jis,jos jis,3,Jos Jis,0.0,Neutral
jos jis banget,jos jis banget,jos jis banget,3,Jos JIS really,0.0,Neutral
barang bagus spek sesuai packing aman rapi hanya pengiriman yg lama,barang bagus spek sesuai packing aman rapi pengiriman lama,barang bagus spek sesuai packing aman rapi kirim lama,11,good stuff specs according to packing safely neat long shipping,0.8442,Positive
proses pengiriman lama dan penjual tidak jujur dan kooperatif kronologi hari jumat sicepat tidak melakukan pickup paket hari sabtu pembeli meminta pembatalan utk meng,proses pengiriman lama penjual jujur kooperatif kronologi hari jumat sicepat melakukan pickup paket hari sabtu pembeli meminta pembatalan meng,proses kirim lama jual jujur kooperatif kronologi hari jumat sicepat laku pickup paket hari sabtu beli minta batal meng,24,the old delivery process of the honest seller of the Cooperative Chronology on Friday Sicepat Disposes the Pickup Package on Saturday Buyers ask for the cancellation,0.5106,Positive
langsung buat kerja,langsung buat kerja,langsung buat kerja,3,directly for work,0.0,Neutral
desainnya keren gampang dibawabawa packaging aman packaging rapi,desainnya keren gampang dibawabawa packaging aman packaging rapi,desain keren gampang dibawabawa packaging aman packaging rapi,8,The design is cool easily brought in a neat packaging packaging,0.7717,Positive
belum dicoba semoga gaada kendala,dicoba semoga gaada kendala,coba moga gaada kendala,5,try hopefully there are no obstacles,0.5972,Positive
ok barang sampai dengan selamat packing safe thank,barang selamat packing safe thank,barang selamat packing safe thank,8,Happy packing safe safe,0.8591,Positive
seller responnya cepat langsung dikirim setelah order packing rapi dan aman mantab pokoknya,seller responnya cepat langsung dikirim order packing rapi aman mantap pokoknya,seller responnya cepat langsung kirim order packing rapi aman mantap pokok,13,"Seller response quickly immediately sent a neat packing order safely, anyway",0.7351,Positive
produk sesuai dengan gambar,produk sesuai gambar,produk sesuai gambar,4,Products according to the picture,0.0,Neutral
barang bagus ori mantap seller responsif thx u,barang bagus ori mantap seller responsif thx,barang bagus ori mantap seller responsif thx,8,good ori good stuff is responsive seller thx,0.8689,Positive
performa baik dalam pemakaian bulan,performa baik pemakaian bulan,performa baik pakai bulan,5,Good Moon Use Performance,0.4404,Positive
muantab gan,mantap gan,mantap gan,2,great bro,0.6249,Positive
nice bgt monitornya cuma lama nyampe nya aja,nice banget monitornya cuma lama nyampe aja,nice banget monitor cuma lama nyampe aja,8,really nice monitor just arrived for a long time,0.4754,Positive
ada dead pixel disuruh ke store cuma buat ketemu teknisi kalau dijanjikan ganti unit sih gak masalah langsung berangkat biar bintang aja lah yang berbicara,dead pixel disuruh store cuma buat ketemu teknisi kalau dijanjikan ganti unit ngga masalah langsung beranggaat bintang aja lah berbicara,dead pixel suruh store cuma buat ketemu teknisi kalau janji ganti unit ngga masalah langsung beranggaat bintang aja lah bicara,25,Dead Pixel was told to the store just to meet the technician if promised to change the unit not a direct problem.,-0.1386,Negative
barang sesuai deskripsi berfungsi dengan baik thanks,barang sesuai deskripsi berfungsi baik thanks,barang sesuai deskripsi fungsi baik thanks,7,goods according to the description function well thanks,0.6124,Positive
bagus,bagus,bagus,1,Good,0.4404,Positive
barang sudah diterima sudah dites dan sejauh ini barang aman tidak ada cacat packaging sangat rapih dan tebal jadi aman saat pengiriman sempat ada masalah keterlambata,barang diterima dites sejauh barang aman cacat packaging sangat rapih tebal jadi aman pengiriman sempat masalah keterlambata,barang terima tes jauh barang aman cacat packaging sangat rapih tebal jadi aman kirim sempat masalah keterlambata,26,"The items received were tested as far as the goods were safe, the packaging defective was very neat so it was safe for shipping.",0.7548,Positive
produk mantap kualitas bagus pengiriman cepat packing aman makasih gan,produk mantap kualitas bagus pengiriman cepat packing aman makasih gan,produk mantap kualitas bagus kirim cepat packing aman makasih gan,10,"good product good quality good shipping fast packing safe, thanks, bro",0.926,Positive
mantap semoga berfungsi dengan baik,mantap semoga berfungsi baik,mantap moga fungsi baik,5,great hopefully functioning well,0.836,Positive
msi keren,msi keren,msi keren,2,Msi is cool,0.3182,Positive
tidak ada speaker builtin harus nambah speaker external hanya mentok di hz tidak sesuai deskripsi entah harus dioverclock terlebih dahulu atau bagaimana,speaker builtin nambah speaker external mentok hz sesuai deskripsi entah dioverclock terlebih bagaimana,speaker builtin nambah speaker external mentok hz sesuai deskripsi entah dioverclock lebih bagaimana,22,builtin speakers add external speakers stuck Hz according to the description whether overclocked especially how,-0.25,Negative
barangnya asli bagus dan penjaga tokonya tahu banget soal computer parts brands untuk msi,barangnya asli bagus penjaga tokonya tahu banget soal computer parts brands msi,barang asli bagus jaga toko tahu banget soal computer parts brands msi,14,The original item is good the shopkeeper really knows about MSI Brands Computer Parts,0.6369,Positive
barangnya berasa mewah bangett,barangnya berasa mewah bangett,barang asa mewah bangett,4,the item feels really luxurious,0.0,Neutral
star gak lagibg tapi spiking buat main dota udah menyerah mencari usb wifi receiver selain ini tapi buat game lain mulus,star ngga lagibg spiking buat main dota udah menyerah mencari usb wifi receiver buat game mulus,star ngga lagibg spiking buat main dota udah serah cari usb wifi receiver buat game mulus,21,Star no longer spiking for playing dota already gave up looking for a USB wifi receiver for smooth games,-0.1027,Negative
barang sesuai deskripsi packingnya tebel banget jadi aman sudah dites fungsi oke mantaf,barang sesuai deskripsi packingnya tebel banget jadi aman dites fungsi oke mantap,barang sesuai deskripsi packingnya tebel banget jadi aman tes fungsi oke mantap,13,items according to the description of the packing are really thick so it is safe,0.4877,Positive
mantap pengiriman cepat,mantap pengiriman cepat,mantap kirim cepat,3,great fast delivery,0.6249,Positive
mantappp,mantapp,mantapp,1,Mantapp,0.0,Neutral
bagus bangetbuat harga segitu lumayandan overall semua ok kendalasukses selalu buat msi good job,bagus bangetbuat harga segitu lumayandan overall semua kendalasukses selalu buat msi good job,bagus bangetbuat harga segitu lumayandan overall semua kendalasukses selalu buat msi good job,14,It's really good to make that much price lumayand and overall all Kendalukasses always for Msi Good Job,0.7264,Positive
mantaap keren parah,mantaap keren parah,mantaap keren parah,3,bad cool,-0.296,Negative
recommended seller barang dikirim dengan aman,recommended seller barang dikirim aman,recommended seller barang kirim aman,6,Recommended Seller Goods sent safe,0.5719,Positive
sesuai dengan pesanan,sesuai pesanan,sesuai pesan,3,according to the order,0.0,Neutral
jozz mudahan awet,jozz mudahan awet,jozz mudah awet,3,Jozz hopefully lasts,0.4019,Positive
ternyata tidak di paking sama pihak sicepatnya bukan dari selernya,ternyata paking sama pihak sicepatnya bukan selernya,nyata paking sama pihak sicepatnya bukan selernya,10,it turns out that the packing and the fast are not the selery,0.0,Neutral
untuk monitor tidak ada masalah dan sudah saya cek untuk pengiriman sangat cepat sekali hari sampai padahal pakai kargo untuk packing sangat aman sekali dengan bubb,monitor masalah cek pengiriman sangat cepat sekali hari padahal pakai kargo packing sangat aman sekali bubb,monitor masalah cek kirim sangat cepat sekali hari padahal pakai kargo packing sangat aman sekali bubb,26,monitor the problem of shipping checks very fast even though using cargo packing is very safe bubb,0.1263,Positive
aman dan sudah berjalan normal dapat gift steam dan banyak promo lagi pakai msi,aman berjalan normal gift steam banyak promo pakai msi,aman jalan normal gift steam banyak promo pakai msi,14,safe running normally gift steam lots of promos using msi,0.7003,Positive
barang sampai dengan selamat packing nya tebel banget keren pokoknya mantap,barang selamat packing tebel banget keren pokoknya mantap,barang selamat packing tebel banget keren pokok mantap,11,Goods Congratulations Packing Tebel Very Cool Anyway,0.7574,Positive
alhamdulilah,alhamdulilah,alhamdulilah,1,Alhamdulillah,0.0,Neutral
tidak pakai packing kayu gak masalah sih jtr masih aman,pakai packing kayu ngga masalah jtr aman,pakai packing kayu ngga masalah jtr aman,10,using wooden packing is not safe JTR problems,-0.0382,Negative
gak ada komplain atau kendala packing mantap sudah dipakai monitornya refresh rate hz bisa dipakai sementara tidak mengalami kendala,ngga komplain kendala packing mantap dipakai monitornya refresh rate hz bisaa dipakai mengalami kendala,ngga komplain kendala packing mantap pakai monitor refresh rate hz bisaa pakai alami kendala,19,no complaints of steady packing constraints used the monitor refresh rate Hz can be used to experience problems,-0.1134,Negative
baru bisa ulas sekarang monitor original kualitas oke layar jernih barang sampai dengan aman,baru bisaa ulas sekarang monitor original kualitas oke layar jernih barang aman,baru bisaa ulas sekarang monitor original kualitas oke layar jernih barang aman,14,can only review now the original monitor quality okay clear screen,0.7003,Positive
mantap sesuai pesanan bubble nya tebel banget semoga awet,mantap sesuai pesanan bubble tebel banget semoga awet,mantap sesuai pesan bubble tebel banget moga awet,9,"great according to the order bubble is really thick, hopefully it will be durable",0.7951,Positive
waooooow komen pertama ketika barang datang baru kali ini merakit pc dengan mobo diatas jt io lengkap terutama audio saya sekali sudah ada port optical mantap,waooooow komen pertama barang datang baru kali merakit pc mobo diatas jt io lenggaap terutama audio sekali port optical mantap,waooooow komen pertama barang datang baru kali rakit pc mobo atas jt io lenggaap utama audio sekali port optical mantap,26,"waooooow the first comment the goods came just assembling the mobo pc above jt io lenggaap, especially the audio once a great optical port",0.7184,Positive
keyboardnya mantap dan enak digunakan,keyboardnya mantap enak digunakan,keyboardnya mantap enak guna,5,The keyboard is great,0.6249,Positive
bagus juga harga jutaan,bagus harga jutaan,bagus harga juta,4,good price millions,0.4404,Positive
ya kayu,kayu,kayu,2,wood,0.0,Neutral
mantab min hitamnya doff elegan nyala rgbnya juga pas gak terlalu ngejreng packing bubble wrap tebelll sampai pontianak aman kardus gak ada yang penyok,mantap min hitamnya doff elegan nyala rgbnya pas ngga terlalu ngejreng packing bubble wrap tebelll pontianak aman kardus ngga penyok,mantap min hitam doff elegan nyala rgbnya pas ngga terlalu ngejreng packing bubble wrap tebelll pontianak aman kardus ngga penyok,24,"great, the black doff is elegant, the RGB is not too crawling the packing bubble wrap tebelll pontianak is safe cardboard is not dented",0.8779,Positive
susah diterima barang bagus mantap thx u kaka,susah diterima barang bagus mantap thx kaka,susah terima barang bagus mantap thx kaka,8,hard to accept good good stuff thx kaka,0.8591,Positive
respon toko sangat baik ekspedisi nya aja bermasalah,respon toko sangat baik ekspedisi aja bermasalah,respon toko sangat baik ekspedisi aja masalah,8,the shop response is very good expedition just having a problem,0.1263,Positive
barang sudah diterima dgn baik dan cepat tqq,barang diterima baik cepat tqq,barang terima baik cepat tqq,8,Good items are received fast tqq,0.4404,Positive
barang sudah diterima dengan baik dan cepat tqq,barang diterima baik cepat tqq,barang terima baik cepat tqq,8,Good items are received fast tqq,0.4404,Positive
sangat amann,sangat amann,sangat amann,2,Very safe,0.4927,Positive
berharap dapat mousepad,berharap mousepad,harap mousepad,3,Hoping Mousepad,0.4215,Positive
original masih segel mantullll thanks untuk pengiriman super aman,original segel mantullll thanks pengiriman super aman,original segel mantullll thanks kirim super aman,9,Original seal mantullll thanks super safe shipping,0.9001,Positive
oke,oke,oke,1,Okay,0.2263,Positive
infonya bonus speaker tapi gak ada speakernya walaupun beneran barang baru,infonya bonus speaker ngga speakernya walaupun beneran barang baru,info bonus speaker ngga speakernya walaupun beneran barang baru,11,the info the speaker bonus is not the speaker even though it's really a new item,0.5423,Positive
unit datang dengan baik hanya saja belum sempat dipakai,unit datang baik sempat dipakai,unit datang baik sempat pakai,9,The unit came well to be used,0.2732,Positive
sudah dicoba semoga awetbarang sesuai mantap,dicoba semoga awetbarang sesuai mantap,coba moga awetbarang sesuai mantap,6,"try it, hopefully it will be a goodness",0.6908,Positive
kualitas bagus cuman masalah treatment layarnya,kualitas bagus cuman masalah treatment layarnya,kualitas bagus cuman masalah treatment layar,6,good quality only the problem of the screen treatment,0.0516,Positive
respon penjual cukup saya mengharapkan sameday di hari yang sama tapi kena longkap sehari tp ok lah saya memaklumi mungkin karena transaksi yang pada di hari itu,respon penjual cukup mengharapkan sameday hari sama kena longgaap sehari lah memaklumi munggain transaksi hari,respon jual cukup harap sameday hari sama kena longgaap hari lah maklum munggain transaksi hari,27,The seller's response is enough to expect Sameday the same day to be levied a day to understand the transaction of the day,0.0,Neutral
istimewa,istimewa,istimewa,1,special,0.4019,Positive
mantap paket mendarat dengan sempurna jooos,mantap paket mendarat sempurna jooos,mantap paket darat sempurna jooos,6,great package landing perfect jooos,0.8316,Positive
mantap packing bubble tebal membuat kita merasa aman dan tenang saat dibuka barang diterima dengan sangat baik tanpa cacat mantap terima kasih atas layanannya dari pem,mantap packing bubble tebal membuat merasa aman tenang dibuka barang diterima sangat baik cacat mantap terima kasih atas layanannya pem,mantap packing bubble tebal buat rasa aman tenang buka barang terima sangat baik cacat mantap terima kasih atas layan pem,26,Great Packing Bubble Thick makes you feel safe calm open items are received very well.,0.8932,Positive
top seller delivery cepat dan sampai dengan aman,top seller delivery cepat aman,top seller delivery cepat aman,8,Top Seller Delivery Safely,0.6124,Positive
barang bagus kondisi saat di operasikan tidak ada kendala,barang bagus kondisi operasikan kendala,barang bagus kondisi operasi kendala,9,Good Item Condition Operating Constraints,0.4404,Positive
barang ok dan jalan normal,barang jalan normal,barang jalan normal,5,normal street goods,0.0,Neutral
puas bangettt awalnya ragu karena blm ada yang pernah beli setelah coba beli dan sendiri review pakai worth,puas bangettt awalnya ragu pernah beli coba beli sendiri review pakai worth,puas bangettt awal ragu pernah beli coba beli sendiri review pakai worth,18,very satisfied at first hesitated to have bought try to buy yourself a review using worth,0.4005,Positive
akhirnya sampai,akhirnya,akhir,2,Finally,0.0,Neutral
amazing murah semoga awet,amazing murah semoga awet,amazing murah moga awet,4,cheap amazing hopefully durable,0.7579,Positive
barang sesuai ekspektasi semoga gaada masalah setelah dipake,barang sesuai ekspektasi semoga gaada masalah dipake,barang sesuai ekspektasi moga gaada masalah dipake,8,"goods according to expectations, hopefully there is no problem using",0.607,Positive
keyboardnya bagus enak dipakai main game fast respons terutama main cs go responya cepat,keyboardnya bagus enak dipakai main game fast respons terutama main cs go responya cepat,keyboardnya bagus enak pakai main game fast respons utama main cs go responya cepat,14,"The keyboard is good to use playing fast response games, especially playing cs go responses",0.6997,Positive
mobilnya bagus cuma kurang heatsink ssd gak ada,mobilnya bagus cuma kurang heatsink ssd ngga,mobil bagus cuma kurang heatsink ssd ngga,8,"the car is good, just lacking the heatsink ssd or not",0.4404,Positive
keren lah build quality nya,keren lah build quality,keren lah build quality,5,Cool Build Quality,0.3182,Positive
msi memang barangnya dari dulu berkualitas beruntung dapat harga yang murah,msi memang barangnya dulu berkualitas beruntung harga murah,msi memang barang dulu kualitas untung harga murah,11,MSi is indeed the goods used to be fortunate for cheap prices,0.4404,Positive
bagus kokoh ori earcupnya lembut best value headset nyaman dan praktis tinggal plug play sound mantap,bagus kokoh ori earcupnya lembut best value headset nyaman praktis tinggal plug play sound mantap,bagus kokoh ori earcupnya lembut best value headset nyaman praktis tinggal plug play sound mantap,16,good sturdy original earcup soft best value headset convenient practical stay plug play sound great,0.9538,Positive
makasih kk paket sdh diterima dgn aman sentosa respon cepat ramah dan bersahaja ditambah pengiriman cepat sangat,makasih kk paketsudahditerima aman sentosa respon cepat ramah bersahaja ditambah pengiriman cepat sangat,makasih kk paketsudahditerima aman sentosa respon cepat ramah sahaja tambah kirim cepat sangat,17,"Thanks for the package, it has been accepted safely, the fast response is modest, plus a very fast delivery",0.802,Positive
packing rapi dan strong,packing rapi strong,packing rapi strong,4,Strong neat packing,0.743,Positive
mantul barang sudah sampai dari kemarin baru kelar test admin mantab kurir caketan,mantul barang kemarin baru kelar test admin mantap kurir caketan,mantul barang kemarin baru kelar test admin mantap kurir caketan,13,Mantul Item yesterday just finished the admin test of the courier courier,0.0,Neutral
pengiriman dan respon cepat terimakasih,pengiriman respon cepat terimakasih,kirim respon cepat terimakasih,5,Fast response delivery thank you,0.3612,Positive
ok gan siap pasang thanks,gan siap pasang thanks,gan siap pasang thanks,5,"bro, ready to install thanks",0.6597,Positive
seller cepat response nya barang sesuai thanks gan siap pasang,seller cepat response barang sesuai thanks gan siap pasang,seller cepat response barang sesuai thanks gan siap pasang,10,"Seller quickly response goods according to thanks bro, ready to install",0.6597,Positive
mantap min,mantap min,mantap min,2,great min,0.6249,Positive
mantab sat set,mantap sat set,mantap sat set,3,great sat set,0.6249,Positive
agak aneh fellnya kerasa gemuk pendapat pribadi conector gold left pad bisa diganti desainnya keren ditunggu yg nirkabel,angga aneh fellnya kerasa gemuk pendapat pribadi conector gold left pad bisaa diganti desainnya keren ditunggu nirkabel,angga aneh fellnya rasa gemuk dapat pribadi conector gold left pad bisaa ganti desain keren tunggu nirkabel,18,"The strange Angga Feel feels fat, the personal opinion of Connector Gold Left Pad can be replaced with a cool design awaited wireless",0.1027,Positive
blm di coba karna part blm lengkap semoga gaada kendala,coba karna part lenggaap semoga gaada kendala,coba karna part lenggaap moga gaada kendala,10,try because the complete parts hopefully there are no obstacles,0.5972,Positive
overall monitor ini sebetulnya sangat baik beli hari yang lalu sampai sekarang sangat puas dipakai untuk kerja gaming dan nonton film warna sangat jernih dan banya,overall monitor sebangetulnya sangat baik beli hari lalu sekarang sangat puas dipakai kerja gaming nonton film warna sangat jernih banya,overall monitor sebangetulnya sangat baik beli hari lalu sekarang sangat puas pakai kerja gaming nonton film warna sangat jernih banya,26,Overall Monitor Sebangnya is very good to buy a day ago now very satisfied with the work of gaming watching a very clear color movie,0.8473,Positive
buat design clo mantab butuh casing yang lebar karena panjang ada kipasbuat casing yang sempit cek dulu ukurannya,buat design clo mantap butuh casing lebar panjang kipasbuat casing sempit cek dulu ukurannya,buat design clo mantap butuh casing lebar panjang kipasbuat casing sempit cek dulu ukur,18,"For a great CLO design, you need a fan long wide casing for a narrow casing, check the size first",0.7506,Positive
ga pernah kecewa sama barang msi sayangnya force gc v white yg wireless ga ada anyway produk sesuai deskripsi berfungsi dengan baik kabel usb lumayan panjang p,pernah kecewa sama barang msi sayangnya force gc white wirelessnggaada anyway produk sesuai deskripsi berfungsi baik kabel usb lumayan panjang,pernah kecewa sama barang msi sayang force gc white wirelessnggaada anyway produk sesuai deskripsi fungsi baik kabel usb lumayan panjang,27,Never been disappointed with MSI items unfortunately force gc white wireless.,0.0397,Positive
suhu jadi adem guys terimakasih msi,suhu jadi adem guys terimakasih msi,suhu jadi adem guys terimakasih msi,6,"the temperature is so cool guys, thank you Msi",0.6961,Positive
packing nya bagus ramah dna tepat waktu sejauh ini lengkap dan berfungsi dengan baik,packing bagus ramah dna tepat waktu sejauh lenggaap berfungsi baik,packing bagus ramah dna tepat waktu jauh lenggaap fungsi baik,14,Good packing is friendly and on time as far as it functions well,0.802,Positive
keren pokoknya best lah ampe bongkarnya udah kek bongkar apaan tapi demi kepuasan konsumennya patut diacungi jempol siih,keren pokoknya best lah ampe bonggaarnya udah kek bonggaar apaan kepuasan konsumennya patut diacungi jempol siih,keren pokok best lah ampe bonggaarnya udah kek bonggaar apa puas konsumen patut acung jempol siih,18,Cool just the best until the bonggaar is already a bonggaar what is the satisfaction of customers deserves thumbs up,0.8555,Positive
pembelian ke dua karena bagus desainnya dan nyaman digunakan packing super aman bisa requeat produk yang paling bagus kondisinya,pembelian bagus desainnya nyaman digunakan packing super aman bisaa requeat produk paling bagus kondisinya,beli bagus desain nyaman guna packing super aman bisaa requeat produk paling bagus kondisi,19,Good purchases are comfortable to use super safe packing can request the best product,0.9531,Positive
desain bagus warna keemasan mouse meluncur halus dan mudah juga untuk stop,desain bagus warna keemasan mouse meluncur halus mudah stop,desain bagus warna emas mouse luncur halus mudah stop,12,Good Design Golden Golden Color Mouse Land Fine Easy Stop,0.6597,Positive
good seller packing rapih dan produknya kepake banget,good seller packing rapih produknya kepake banget,good seller packing rapih produk kepake banget,8,Good Seller Packing Rapid The product is really used,0.4404,Positive
ada stuck pixel nya nanti diupdate kalau dpt solusi atau udah ilang stuck pixelnya,stuck pixel diupdate kalau dpt solusi udah ilang stuck pixelnya,stuck pixel diupdate kalau dpt solusi udah ilang stuck pixelnya,14,stuck pixel is updated if the solution can be stuck pixel,-0.1779,Negative
sebenarnya toko dan produknya bagus tapi saya memberikan bintang lebih ke karena pengalaman berbelanja yang kurang menyenangkan semoga dari pihak manajemen bisa lebih,sebenarnya toko produknya bagus memberikan bintang lebih pengalaman berbelanja kurang menyenanggaan semoga pihak manajemen bisaa lebih,benar toko produk bagus beri bintang lebih alam belanja kurang menyenanggaan moga pihak manajemen bisaa lebih,23,"Actually, the product store is good to give a star more shopping experience, I hope that the management can be more",0.7003,Positive
barang sudah diterima dengan baik packing sangat rapi dan aman belum di coba karna nunggu part lain,barang diterima baik packing sangat rapi aman coba karna nunggu part,barang terima baik packing sangat rapi aman coba karna nunggu part,17,Goods well received packing very neatly safe try because waiting for parts,0.7889,Positive
packing sangat rapi dan gak pelit buble wrap bubble wrapny double sehingga aman nya pake bangethead set sudah dicoba untuk kualitas bahan terjamin mantap karena merk,packing sangat rapi ngga pelit buble wrap bubble wrapny double aman pake bangethead set dicoba kualitas bahan terjamin mantap merk,packing sangat rapi ngga pelit buble wrap bubble wrapny double aman pake bangethead set coba kualitas bahan jamin mantap merk,26,"Very neat packing is not stingy bubble wrap bubble wrap double safe using a very wellhead set, try the quality of the ingredients guaranteed to be steady brand",0.8303,Positive
pengiriman agak telat,pengiriman angga telat,kirim angga telat,3,Angga Delivery is late,0.0,Neutral
nyaman dipakai dpi nya juga bisa di finetune via software meskipun opsi lighting nya cuma breathing dan aja,nyaman dipakai dpi bisaa finetune via software meskipun opsi lighting cuma breathing aja,nyaman pakai dpi bisaa finetune via software meski opsi lighting cuma breathing aja,18,Comfortable to wear dpi can endeetune via software even though the lighting option is just breathing,0.5106,Positive
mantap barang sampai dengan baik barang bekerja dengan baik mantap lah,mantap barang baik barang bekerja baik mantap lah,mantap barang baik barang kerja baik mantap lah,11,great good goods good goods work good good,0.9403,Positive
nyala semoga awet,nyala semoga awet,nyala moga awet,3,I hope it is durable,0.4404,Positive
mantap packingnya bubble warpnya juga tebel lembar fisik monitor juga oke sudah ditest juga cuma kurang diadmin toko aja yg kurang aktif balas chat,mantap packingnya bubble warpnya tebel lembar fisik monitor oke ditest cuma kurang diadmin toko aja kurang aktif balas chat,mantap packingnya bubble warpnya tebel lembar fisik monitor oke ditest cuma kurang diadmin toko aja kurang aktif balas chat,24,"steady packing bubble wrap, the physical sheet of the monitor is okay, just tested it is less than the store, just not actively reply to chat",-0.016,Negative
bukan barang baru segel tapi bekas display plastik tempat baut sudah sobek dan baut sudah pernah dipakai pantes aja pas buka pertama mau dites kondisi layar udah kotor,bukan barang baru segel bekas display plastik tempat baut sobek baut pernah dipakai pantes aja pas buka pertama mau dites kondisi layar udah kotor,bukan barang baru segel bekas display plastik tempat baut sobek baut pernah pakai pantes aja pas buka pertama mau tes kondisi layar udah kotor,28,Not a new item seal used plastic display place where torn bolt bolts have been used just right when open first want to be tested the condition of the screen is dirty,-0.5574,Negative
pelayanan ramah dan sigap barang sesuai spec dan berjalan baik,pelayanan ramah sigap barang sesuai spec berjalan baik,layan ramah sigap barang sesuai spec jalan baik,10,Friendly service of goods according to the SPEC is going well,0.6486,Positive
mantap terpercaya,mantap terpercaya,mantap percaya,2,trusted,0.4767,Positive
barang original dan sesuai packing aman pengiriman cepat,barang original sesuai packing aman pengiriman cepat,barang original sesuai packing aman kirim cepat,8,Original items according to the pack of safe shipping fast shipping,0.6369,Positive
barang sampai dengan aman tapi belum di rakit nunggu barang lainnya,barang aman rakit nunggu barang lainnya,barang aman rakit nunggu barang lain,11,safe goods raft waiting for other items,0.4404,Positive
top,top,top,1,TOP,0.2023,Positive
cakep belum dicoba tapi packing super aman,cakep dicoba packing super aman,cakep coba packing super aman,7,Saucy trying super safe packing,0.7783,Positive
ini mah kelewat cepat sampainya keren bubblewrap nya berlapislapis dijamin aman,mah kelewat cepat sampainya keren bubblewrap berlapislapis dijamin aman,mah lewat cepat sampai keren bubblewrap berlapislapis jamin aman,11,mah too fast to arrive cool bubblewrap layered layered guaranteed safe,0.6369,Positive
barang oke pengiriman lama day order dari pagi dikirim besoknya,barang oke pengiriman lama day order pagi dikirim besoknya,barang oke kirim lama day order pagi kirim besok,10,OKE Items Old Delivery Day Order Morning Sent The next day,0.0,Neutral
brg nya bagus tetapi pelayanannya sangat kurang sekali solusi yg diberikan tidak membantu sama sekali customer service nya zero knowledge jd kl beli brg ini sebaikn,barang bagus pelayanannya sangat kurang sekali solusi diberikan membantu sama sekali customer service zero knowledengane jadi kl beli barang sebaikn,barang bagus layan sangat kurang sekali solusi beri bantu sama sekali customer service zero knowledengane jadi kl beli barang sebaikn,26,Good Items The service is very lacking in the solution given to help at all Customer Service Zero Knowledengane so if you buy items the best item,0.9022,Positive
proses n kirim express reply chat barang ok terima kasih sehat selalu n sukses utk store staff n kurir,proses kirim express reply chat barang terima kasih sehat selalu sukses store staff kurir,proses kirim express reply chat barang terima kasih sehat selalu sukses store staff kurir,19,the process of sending Express Reply chat goods Thank you healthy always successful Store Staff Courier,0.8402,Positive
dead pixel bleeding,dead pixel bleeding,dead pixel bleeding,3,Dead Pixel Bleeding,-0.6486,Negative
barang pertama datang dengan kondisi rusak karena miss dengan kurir dan ada dead pixel major barang pengganti datang dengan kondisi lebih bagus walaupun masih ada dead,barang pertama datang kondisi rusak miss kurir dead pixel major barang pengganti datang kondisi lebih bagus walaupun dead,barang pertama datang kondisi rusak miss kurir dead pixel major barang ganti datang kondisi lebih bagus walaupun dead,26,The first item came a broken condition Miss Kourir Dead Pixel Major replacement goods came the condition better even though Dead,-0.886,Negative
ada miskomunikasi pertama dengan kurir barang datang tanpa packing kayu alhasil barangnya rusak,miskomunikasi pertama kurir barang datang packing kayu alhasil barangnya rusak,miskomunikasi pertama kurir barang datang packing kayu alhasil barang rusak,13,The first miscommunication of the courier of the goods came the wooden packing as a result the goods were damaged,-0.4404,Negative
barang dipesan dengan packaging kayu dan diterima tanpa packing kayu dikomplain malah disuruh menghubungi pihak ekspedisi komplain pihak ekspedisi disuruh menghubungi p,barang dipesan packaging kayu diterima packing kayu dikomplain malah disuruh menghubungi pihak ekspedisi komplain pihak ekspedisi disuruh menghubungi,barang pes packaging kayu terima packing kayu komplain malah suruh hubung pihak ekspedisi komplain pihak ekspedisi suruh hubung,22,The goods ordered by wooden packaging are received by wooden packing instead they are told to contact the expedition. Complaints of the Expedition are told to contact,-0.4019,Negative
mantab,mantap,mantap,1,Excellent,0.5719,Positive
sedap sekali smoga awet aamiin yra,sedap sekali smoga awet aamiin yra,sedap sekali smoga awet aamiin yra,6,"very delicious, hopefully durable aamiin yra",0.7889,Positive
sumpah keren banget pertama karna engga di packing kayu ketinggalan di check tapi sumpah aman banget pas datang dikasih bubble wrap berlapis lapis untuk,sumpah keren banget pertama karna engga packing kayu ketinggalan check sumpah aman banget pas datang dikasih bubble wrap berlapis lapis,sumpah keren banget pertama karna engga packing kayu tinggal check sumpah aman banget pas datang kasih bubble wrap lap lapis,24,"I swear it's really cool because I don't have wood packing, I miss the oath, it's really safe when I come to be given a bubble wrap.",0.6106,Positive
kualitas sangat bagus untuk harga yang cukup rendah,kualitas sangat bagus harga cukup rendah,kualitas sangat bagus harga cukup rendah,8,very good quality price is quite low,0.2023,Positive
tampilan bagus dimensi besar bisa muat komponen yg besar juga harga sudah termasuk free kipas depan belakang quality control yg baik suhu juga aman di pakai sehar,tampilan bagus dimensi besar bisaa muat komponen besar harga termasuk free kipas depan belakang quality control baik suhu aman pakai sehar,tampil bagus dimensi besar bisaa muat komponen besar harga masuk free kipas depan belakang quality control baik suhu aman pakai sehar,27,A good appearance of a large dimension can load a large component price including free front and rear fan Quality control. Good temperature safe use,0.9231,Positive
sesuai pesanan,sesuai pesanan,sesuai pesan,2,according to the order,0.0,Neutral
toko dan adminya keren bgt fast respon,toko adminya keren banget fast respon,toko adminya keren banget fast respon,7,the admi shop is so cool fast response,0.4572,Positive
respon cepat,respon cepat,respon cepat,2,quick response,0.0,Neutral
hardware sesuai pesanan tes ok running normal,hardware sesuai pesanan tes running normal,hardware sesuai pesan tes running normal,7,hardware according to normal running test orders,0.0,Neutral
barang sudah datang sudah dicoba berfungsi dengan baik,barang datang dicoba berfungsi baik,barang datang coba fungsi baik,8,items come to try to function well,0.2732,Positive
mendarat dengan aman,mendarat aman,darat aman,3,Land safe,0.4404,Positive
barang mantap kirim cepat respon bagus,barang mantap kirim cepat respon bagus,barang mantap kirim cepat respon bagus,6,good items Send fast response,0.4404,Positive
barang sesuai,barang sesuai,barang sesuai,2,appropriate goods,0.0,Neutral
terimakasih banyak ya tapi belum dicoba,terimakasih banyak dicoba,terimakasih banyak coba,6,Thank you very much,0.3612,Positive
terimakasih barang sesuai admin fast respon semoga awet,terimakasih barang sesuai admin fast respon semoga awet,terimakasih barang sesuai admin fast respon moga awet,8,"Thank you the item according to the admin fast response, hopefully it is durable",0.6369,Positive
mangtap comment need thiss perfect mau cerita dikit begitu barang nyampe eh mau di scam pake trojan dengan alasan mau verif barang sama pihak tak bertang,mantap comment need thiss perfect mau cerita dikit barang nyampe eh mau scam pake trojan alasan mau verif barang sama pihak tak bertang,mantap comment need thiss perfect mau cerita dikit barang nyampe eh mau scam pake trojan alas mau verif barang sama pihak tak tang,26,great comment needs thiss perfect want a little story to arrive eh want to scam using trojan reasons for verification of goods with parties not stagnant,0.8126,Positive
kereeeeennnn kualitas luar biasa,kereeeeennnn kualitas luar biasa,kereeeeennnn kualitas luar biasa,4,Extraordinary quality,0.0,Neutral
pengiraman cepat harga bersahabat good job kualitas monitor k hz udah ga ada lawan,pengiraman cepat harga bersahabat good job kualitas monitor hz udahnggaada lawan,iram cepat harga sahabat good job kualitas monitor hz udahnggaada lawan,14,Fast Delivery Price Friendly Good Job Quality Hz Monitor has no opponent,0.5994,Positive
msi terbaik monitor vga dll mantap buat gaming dan youtube,msi terbaik monitor vga dulul mantap buat gaming youtube,msi baik monitor vga dulul mantap buat gaming youtube,10,MSI Best Monitor VGA Dulul Great For Gaming Youtube,0.8519,Positive
barang sangat baik,barang sangat baik,barang sangat baik,3,Very good item,0.4927,Positive
barang sesuai dengan pesanan dan pengiriman cepat semoga awet thanx seller,barang sesuai pesanan pengiriman cepat semoga awet thanx seller,barang sesuai pesan kirim cepat moga awet thanx seller,11,goods according to fast shipping order hopefully durable thanks seller,0.6808,Positive
pelayanan cepat barang sesuai deskripsi mantapp,pelayanan cepat barang sesuai deskripsi mantap,layan cepat barang sesuai deskripsi mantap,6,fast service goods according to a solid description,0.1531,Positive
puas bangetrespon cepatpngiriman tepat waktu storage laptop lega,puas bangetrespon cepatapingiriman tepat waktu storage laptop lega,puas bangetrespon cepatapingiriman tepat waktu storage laptop lega,8,very satisfied fasting fasting in time on the storage of a relief laptop,0.7346,Positive
respond dan pengiriman barang cepat paket juga aman terbungkus bubble wrap tebal,respond pengiriman barang cepat paket aman terbunggaus bubble wrap tebal,respond kirim barang cepat paket aman terbunggaus bubble wrap tebal,12,Respond Delivery Fast Goods Package Safe Bubble Wrap Thick,0.4404,Positive
spek sesuai admin oke,spek sesuai admin oke,spek sesuai admin oke,4,Spec according to the admin okay,0.2263,Positive
admin responsif menjawab pertanyaan barang sesuai spek tiputipu mantep,admin responsif menjawab pertanyaan barang sesuai spek tiputipu mantep,admin responsif jawab tanya barang sesuai spek tiputipu mantep,9,Admin is responsive to answer the goods questions according to the TIPUTUTU SPEK MANTEP,0.3612,Positive
mantap sesuai pesanan packing aman meskipun cuma bablewrap tapi berlapis lapis,mantap sesuai pesanan packing aman meskipun cuma bablewrap berlapis lapis,mantap sesuai pesan packing aman meski cuma bablewrap lap lapis,11,steady according to the order packing is safe even though it's only a layer layered bablewrap,0.4404,Positive
service nya top,service top,service top,3,Service top,0.2023,Positive
barang sudah sampai dengan selamat sesuai deskripsi dan berfungsi dengan baik,barang selamat sesuai deskripsi berfungsi baik,barang selamat sesuai deskripsi fungsi baik,11,Congratulations according to the description functioning well,0.7184,Positive
bagus buat kargo barang berat kuat kokoh dan gak goyang jadi aman barangnya,bagus buat kargo barang berat kuat kokoh ngga goyang jadi aman barangnya,bagus buat kargo barang berat kuat kokoh ngga goyang jadi aman barang,13,good for cargo strong sturdy sturdy goods not shake so it is safe,0.8715,Positive
barang mantap pelayanan cepat harga bersaing packing sangat memuaskan barang utuh nggak penyok,barang mantap pelayanan cepat harga bersaing packing sangat memuaskan barang utuh ngga penyok,barang mantap layan cepat harga saing packing sangat muas barang utuh ngga penyok,13,Fast Service Fast Service Competitive Price Packing is very satisfying whole goods or not dents,0.6115,Positive
packingnya tebel banget seller benar menjaga barang dari kerusakan msi joss,packingnya tebel banget seller benar menjaga barang kerusakan msi joss,packingnya tebel banget seller benar jaga barang rusa msi joss,11,"The packing is very thick, the seller is really guarding the damaged MSI Joss items",-0.4877,Negative
pertama kali merakit pc dg mobo msi dah hampir th masih berpungsi dengan baik sekarang merakit lagi dg mobo msi yg jauh lebih canggih teknologinya semoga awet,pertama kali merakit pc mobo msi dah hampir th berpungsi baik sekarang merakit mobo msi jauh lebih canggih teknologinya semoga awet,pertama kali rakit pc mobo msi dah hampir th pungsi baik sekarang rakit mobo msi jauh lebih canggih teknologi moga awet,27,"The first time to assemble Mobo Msi's PC, almost THERE IS NOT FUNCTION COURSE now assembles Mobo MSi is much more sophisticated technology, hopefully it will be durable",0.7818,Positive
sebaiknya tanyakan masalah kabel display port ke vganya cocok ke pc kalian apa nggak sampai saat ini belum ditest karena harus nunggu beli kabel converter dulu di toped,sebaiknya tanyakan masalah kabel display port vganya cocok pc kalian apa ngga ditest nunggu beli kabel converter dulu toped,baik tanya masalah kabel display port vganya cocok pc kalian apa ngga ditest nunggu beli kabel converter dulu toped,28,"We recommend asking the problem of the Valna Port Display Port Display, whether you are not tested waiting for the first cable converter cable topped",-0.0516,Negative
packing okeh mantep tebel bet dah,packing okeh mantep tebel banget dah,packing okeh mantep tebel banget dah,6,"Packing OK, it's really good",0.4927,Positive
mantab beli di official shop memang terbaik,mantap beli official shop memang terbaik,mantap beli official shop memang baik,7,great buying official shop is the best,0.8519,Positive
sejauh ini berjalan dgn baik,sejauh berjalan baik,jauh jalan baik,5,As far as it goes well,0.2732,Positive
first impressionnya sesuai ekspetasi sih seller juga fast respon makasih msi udah bikin puas,first impressionnya sesuai ekspetasi seller fast respon makasih msi udah puas,first impressionnya sesuai ekspetasi seller fast respon makasih msi udah puas,14,"First impression according to the expectations of the Fast Response Seller, thanks, Msi is satisfied",0.765,Positive
respon cepat dan brg bagus,respon cepat barang bagus,respon cepat barang bagus,5,fast response good stuff,0.4404,Positive
barang sesuai dengan deskripsi dan berfungsi dengan baik pemasangan mudah dan osd app intuitive tidak ada dead pixel dan spectrum warna fresh box cukup bagus,barang sesuai deskripsi berfungsi baik pemasangan mudah osd app intuitive dead pixel spectrum warna fresh box cukup bagus,barang sesuai deskripsi fungsi baik pasang mudah osd app intuitive dead pixel spectrum warna fresh box cukup bagus,25,Items according to the description functioning well installation Easy OSD App Intuitive Dead Pixel Spectrum Fresh Box Color is pretty good,0.7964,Positive
berguna untuk pengiriman aman jarak jauh,berguna pengiriman aman jarak jauh,guna kirim aman jarak jauh,6,Useful Delivery Safe Long Distance,0.7003,Positive
good lah,good lah,good lah,2,good,0.4404,Positive
terima kasih barang nya sdh diterima,terima kasih barang nyasudahditerima,terima kasih barang nyasudahditerima,6,"Thank you for the item, I am accepted",0.5574,Positive
barang sudah diterima dan di coba semua aman dan baik thanks,barang diterima coba semua aman baik thanks,barang terima coba semua aman baik thanks,11,"items are received, try all safe, good thanks",0.8271,Positive
mantap admin responsif selalu membantu,mantap admin responsif selalu membantu,mantap admin responsif selalu bantu,5,Great responsive admin always helps,0.8481,Positive
keren lah masa nggak,keren lah masa ngga,keren lah masa ngga,4,It's cool,0.3182,Positive
dabes,dabes,dabes,1,Dabes,0.0,Neutral
recommend seller pelayana baik ramah cepat barang ori,recommend seller pelayana baik ramah cepat barang ori,recommend seller pelayana baik ramah cepat barang ori,8,Recommend Seller Pelayana Good Fast Friendly Origi Goods,0.8225,Positive
barang yang diterima baik dan dibungkus dengan baik,barang diterima baik dibunggaus baik,barang terima baik dibunggaus baik,8,Good items are received well,0.6124,Positive
barang sudah di terima dan langsung di pakai proses cepat packing rapi dan aman tidak ada kerusakan atau cacat sedikit pun pada barang,barang terima langsung pakai proses cepat packing rapi aman kerusakan cacat sedikit barang,barang terima langsung pakai proses cepat packing rapi aman rusa cacat sedikit barang,23,items receive directly using the fast fast packing process safe damage to a little defect,-0.3415,Negative
josss,josss,josss,1,Josss,0.0,Neutral
paket terlindungi dan aman,paket terlindungi aman,paket lindung aman,4,safe protected package,0.7003,Positive
pelayanan dan pengirimannya mantapp kirim lintas pulau barangnya aman karena packagingnya tebal soal kualitas barang sudah pasti juaraa recommended seller,pelayanan pengirimannya mantap kirim lintas pulau barangnya aman packagingnya tebal soal kualitas barang juaraa recommended seller,layan kirim mantap kirim lintas pulau barang aman packagingnya tebal soal kualitas barang juaraa recommended seller,20,"The delivery service is steady sending cross islands, the goods are safe, the packaging is thick about the quality of the championship item, the recommended seller",0.765,Positive
kirim lintas pulau aman packaging tebal dan kokoh,kirim lintas pulau aman packaging tebal kokoh,kirim lintas pulau aman packaging tebal kokoh,8,Send Cross Island Aman Packaging Thick Sturdy,0.0,Neutral
mantul,mantul,mantul,1,Mantul,0.0,Neutral
berfungsi dengan baik semoga aweet,berfungsi baik semoga aweet,fungsi baik moga aweet,5,"Function well, hopefully durable",0.5859,Positive
packing bagus aman fast respon puas,packing bagus aman fast respon puas,packing bagus aman fast respon puas,6,good packing safe fast response satisfied,0.8225,Positive
build qualitynya terbaik enak banget buat ngegame keyboardnya mantap dan enak digunakan,build qualitynya terbaik enak banget buat ngegame keyboardnya mantap enak digunakan,build qualitynya baik enak banget buat ngegame keyboardnya mantap enak guna,12,The build quality is really good for playing the keyboard is great,0.854,Positive
produk asli ori resmi bergaransi indo semoga awet tahan lama packing tebal kurir jos syg ny trnyt ada yg jual murah slisih sktr ntah ada promo atau bagaim,produk asli ori resmi bergaransi indo semoga awet tahan lama packing tebal kurir jossayangny ternyata jual murah selisih sktr ntah promo bagaim,produk asli ori resmi garansi indo moga awet tahan lama packing tebal kurir jossayangny nyata jual murah selisih sktr ntah promo bagaim,28,Original Product Origi Official Guaranteed Indo Hopefully Long Long Long Long Packing Jossayangny Courier Turns Out Cheap Selling Difference Sktah Ntah Promo Like M,0.7579,Positive
berfungsi dengan baik thanks,berfungsi baik thanks,fungsi baik thanks,4,Function well thanks,0.6124,Positive
ini adalah salah satu pencapaian dan salah satu hadiah ulang tahun tapi beli sendiri wkwkwk mantap surantap lah pokoknya thanks msi akhirnya pc ku almost full msi,salah satu pencapaian salah satu hadiah ulang tahun beli sendiri wkwkwk mantap surantap lah pokoknya thanks msi akhirnya pc ku almost full msi,salah satu capai salah satu hadiah ulang tahun beli sendiri wkwkwk mantap surantap lah pokok thanks msi akhir pc ku almost full msi,27,One of the achievements of one of the birthday prizes for buying yourself wkwkwk is great,0.7964,Positive
barang sesuai foto dan deskripsi semoga awet penjual responsif pengirimannya juga sangat cepat,barang sesuai foto deskripsi semoga awet penjual responsif pengirimannya sangat cepat,barang sesuai foto deskripsi moga awet jual responsif kirim sangat cepat,13,"items according to the photo description, hopefully the seller is responsive to the shipping seller is very fast",0.6369,Positive
mantapppdatang dengan selamat belum di test,mantappdatang selamat test,mantappdatang selamat test,6,Mantappdatang Congratulations Test,0.5994,Positive
pengiriman sesuai jadwal packing bubble wrap berlapis luarnya dikasih wrap anti air lagi mantaap saran mobo ini baiknya buat yg mau pakai koneksi lan kabel kalau mau,pengiriman sesuai jadwal packing bubble wrap berlapis luarnya dikasih wrap anti air mantaap saran mobo baiknya buat mau pakai koneksi lan kabel kalau mau,kirim sesuai jadwal packing bubble wrap lap luar kasih wrap anti air mantaap saran mobo baik buat mau pakai koneksi lan kabel kalau mau,27,Delivery according to the schedule for packing bubble wrap layered outside the water is given a mantaap waterproof mobo suggestion for wanting to use a cable LAN connection if you want,0.0772,Positive
mantap lah pokoknya blm sempet foto,mantap lah pokoknya sempet foto,mantap lah pokok sempet foto,6,great is just a photo,0.6249,Positive
sampe jebol gini semoga aja nanti tidak ada kendala dengan unit nya,sampe jebol gini semoga aja kendala unit,sampe jebol gin moga aja kendala unit,12,"until broken like this, hopefully the obstacles of the unit",-0.128,Negative
wih mantab ringkes banget barangnya masib mau coba dulu,wih mantap ringgaes banget barangnya masib mau coba dulu,wih mantap ringgaes banget barang masib mau coba dulu,9,wih great ragges really the goods are still going first,0.6249,Positive
oke cuma firmware buat lednya error terus dan gak bisa diupdate jadi gak bisa pake msi mystic light buat ubah warna led component,oke cuma firmware buat lednya error terus ngga bisaa diupdate jadi ngga bisaa pake msi mystic light buat ubah warna led component,oke cuma firmware buat lednya error terus ngga bisaa diupdate jadi ngga bisaa pake msi mystic light buat ubah warna led component,23,"Okay, only the firmware for the LED is an error and can't be updated so I can't use MSI Mystic Light to change the color of the LED component",-0.2023,Negative
